lat,lon,temp
37.736234635638205,-122.41446453320438,38.7983110498837
37.77513434979088,-122.3643949735404,-37.76228233120321
37.74533225027401,-122.37048951747862,-185.49275880049223
37.788106487752685,-122.39433577191708,-49.949184690477814
37.75357743726398,-122.4036071199374,-58.764177313684854
37.72568464945334,-122.448545139509,-165.03987709315484
37.745498574979884,-122.38166744185084,-26.940728592979525
37.735860034521316,-122.44087288367437,95.41515374732245
37.78639050123653,-122.4254116060925,-140.59816114118436
37.764259623184515,-122.38853989010556,65.79795179072909
37.72338724546049,-122.36835329449686,80.08347559982724
37.76160215049814,-122.37900101663747,82.26274531063554
37.736004887358156,-122.40079850971085,-112.4681346748335
37.75240593651706,-122.3728477094753,-0.5636622248611655
37.757121861531985,-122.38989478062145,58.29159594551725
37.73248901808106,-122.40068987878627,-151.71155917587
37.7214083919021,-122.38496987494992,-24.39792842957833
37.7809950110289,-122.38137180400022,28.392115055879973
37.80210665768344,-122.42660557002768,-71.09612870754016
37.78639265740755,-122.40561301216297,-72.72608453935383
37.7592083677627,-122.36701071225151,129.07973685572816
37.785228053029115,-122.41389193188526,-246.0475285012043
37.759988090285695,-122.37010459583617,26.872417170726088
37.73457295496926,-122.3887777371455,-119.31895514301252
37.75679052040725,-122.39727804596254,11.791501704645029
37.768684708684376,-122.39734068421976,-21.578527545704343
37.73933382539842,-122.38714228267318,-26.567306370252474
37.80126644644134,-122.41737733560932,-88.84975303329685
37.78104315487447,-122.38934638300526,72.7541593080822
37.76765430938269,-122.3975577436078,22.835450707196433
37.77473245090639,-122.44034775767345,161.166621053729
37.76899221661304,-122.3959964143376,74.28886539300308
37.761880745269856,-122.40819875068624,-8.92703242430423
37.74449000937067,-122.41389559935071,-9.042564334667242
37.76215632518036,-122.40561749286263,-15.525960514623046
37.7447332002303,-122.40237625462787,47.878526056817286
37.76865938601676,-122.41124369941369,136.1363454000055
37.745622410947874,-122.39650297373916,17.48903610641207
37.773338575749214,-122.41243563944286,-163.70717444277878
37.78961247685055,-122.44600171921215,107.90226178606659
37.73414965423562,-122.37831878975436,-17.39098704686631
37.76784492421241,-122.41499322661394,-101.14746006548934
37.75678568501468,-122.43043904925689,145.60088310720425
37.7870808336922,-122.4356205634835,-198.59833249275258
37.75461220011517,-122.41790088488423,134.6028635480261
37.72284035808154,-122.40140639886289,15.268617962528616
37.76196579750747,-122.39350057968221,-43.67708863563437
37.77959031878724,-122.39110265586886,-45.82619787855743
37.75877340327928,-122.3988042010655,91.5295738179957
37.72829799743644,-122.40605654594337,274.6291429464627
37.803861267921704,-122.41687351303966,13.912527709812258
37.77633044407987,-122.41809314265345,75.04043285202293
37.73118000499262,-122.40653375034839,75.96225990449224
37.74315850448046,-122.39130591656186,55.96186934146954
37.777239961955424,-122.39210112925913,-5.834128991577011
37.7672411523628,-122.37605219060062,169.63244137418593
37.760523900158994,-122.42312044804517,-39.651500100274916
37.76373309725296,-122.4207962151794,18.699361120966387
37.796077291882376,-122.40139837695638,181.45554734131503
37.75551811019015,-122.42860348797622,-132.6941568571474
37.77418354059693,-122.4002931684534,-229.88478367374827
37.775742164738716,-122.37285969661508,-52.98419963181337
37.74634681110265,-122.43336203151166,-83.41918918815733
37.77708480932351,-122.37597764826565,-81.06333080972344
37.72366260880071,-122.42125831569595,-253.97062831633437
37.745742574270736,-122.40533554099935,-8.604940014542827
37.75892369288686,-122.36111166308149,45.064268317140794
37.76380998533156,-122.38258937117205,-129.43652849765465
37.785784799838176,-122.3973355803576,106.42453388760839
37.741186928162506,-122.45233887595418,93.67137018190695
37.72571575374735,-122.37445556009764,-12.695376916495709
37.75017277317356,-122.39193221313485,52.06781448766389
37.77290029810185,-122.41200023780817,-117.88055378515696
37.737747772632204,-122.4199868624808,-9.252113098684525
37.755422448238726,-122.42035565440717,104.76362025664226
37.75051120777785,-122.37319560198225,-123.35727718969882
37.732475796831864,-122.40801431304043,-29.224369711616387
37.770509669176036,-122.40238237114382,4.968728714571642
37.7494248852188,-122.39002213098483,-26.394593733920807
37.749474029971466,-122.3983717502832,38.452759935041215
37.757875026433354,-122.37300906007347,-15.387035667643833
37.74730388280933,-122.3940233096484,-11.69964667943835
37.7412684730391,-122.3884734710295,17.76241310362655
37.75700510114071,-122.40436758876523,65.94055189505069
37.756100465930125,-122.39002106208412,-56.36582676118401
37.76434596537849,-122.39386485864551,-95.61285424698947
37.75395454932123,-122.40533751234592,49.238697691220935
37.77609571734926,-122.39824408297262,24.097882974354256
37.78780623604694,-122.38982814863535,163.32099447428482
37.787767075432974,-122.37188999876257,191.69097924476745
37.745914865603794,-122.3877192335484,113.94318395629112
37.7577565610845,-122.39820634820009,-255.0141726131961
37.73308870733577,-122.37276558660353,-32.685218776736505
37.767740389916796,-122.4065342363098,94.5529108272889
37.758068098523516,-122.3873863464816,-207.10550028633384
37.779036824817766,-122.38621904350397,-12.092537884714984
37.75781651025666,-122.37640759716125,-94.49245218057058
37.73791364714906,-122.37960776396767,155.42948081626548
37.77255868851966,-122.41164454522342,-22.54855925120842
37.78825990472511,-122.42189873266265,56.07367841203421
37.77065185585113,-122.39955836907055,-49.8024731188554
37.726742024742556,-122.37817573912999,127.18555529777767
37.790210154835876,-122.38246088547837,-98.4330397979424
37.73512394222983,-122.38019992919034,-169.1751753625439
37.777166241284775,-122.38120559589369,36.316074998784096
37.76415700180258,-122.40198893334514,20.282813224115774
37.770874509295375,-122.36666035203415,5.997662980316916
37.78947034893661,-122.3709656468137,-5.865456042670694
37.764339388150496,-122.37357703731456,115.78779630999779
37.75702918993036,-122.39501725545833,-13.126806992480905
37.74573819253174,-122.39968951283264,-162.56290013026256
37.78844664807522,-122.41378706164123,-101.76999143397268
37.73848745839955,-122.40228035078856,-10.038231557180643
37.74151554361892,-122.4368332435995,-101.21793426719876
37.74411497041073,-122.40476249681105,-47.271447622587424
37.74654316279296,-122.38519763219989,-52.00366970790711
37.74654095341837,-122.39269031705182,-27.284196301667095
37.80624349657583,-122.39423566676221,-42.69649357024019
37.7585116701349,-122.4203357556204,78.75617315833045
37.75564023798804,-122.38505351103089,98.85934675162449
37.75026628329714,-122.40378375060365,-40.17859130583187
37.74355066470795,-122.38038267975587,-1.7329872726284306
37.78310229799844,-122.38152717146987,64.28719414422808
37.77591667464419,-122.38623751618101,48.34312793184488
37.752123537087826,-122.39889194900323,-25.877024303549767
37.76486339460506,-122.40114632435453,-118.48987918511563
37.72094035637074,-122.38861559345763,141.92327386575315
37.75569103404951,-122.38441412357167,10.494009880210614
37.75437288883373,-122.38771425569101,-37.38996335480193
37.76118488210506,-122.41257668418243,78.06690700747919
37.76413854537006,-122.39578302134314,-66.65983882472591
37.795303424532605,-122.40745576432212,2.9731873700171696
37.75370113745315,-122.40974742299201,106.43459549643816
37.783803670314825,-122.40764097177839,-35.37979857550009
37.77870041014081,-122.40734638508756,-130.78233495331426
37.80257269615516,-122.36891933541949,77.26968260420048
37.757986377844944,-122.39410580126938,218.66789683295
37.76165473566542,-122.43057138078143,-110.028617558587
37.74743942878242,-122.39239147982207,17.28644785573387
37.73558276331975,-122.44134343537065,-37.569334281866055
37.747039907592445,-122.39889965618588,-99.062572997188
37.74697240379139,-122.38293764893254,-86.70617889160606
37.78777669275251,-122.41203787311053,20.389796988388333
37.758980210322434,-122.41773077362862,-45.90037462297181
37.72859299321226,-122.41113748915556,-93.1731952459591
37.77143160085102,-122.42946667458153,15.393781803571082
37.77982610352326,-122.41656241721284,176.03360077316586
37.756222952119444,-122.39202470889026,-72.88731555251222
37.752677424785205,-122.42306219516344,-120.79353024199288
37.723670519247314,-122.40218552085764,-174.85420712144938
37.793078362079335,-122.41893532918544,-26.740831137856862
37.76541279341898,-122.41599474817956,-79.23512788208555
37.7134281946211,-122.39355920739672,86.7857669330923
37.74732161812856,-122.40718952620622,-81.61421453398229
37.78015639840209,-122.42360699869249,-55.95346101435415
37.75566512949454,-122.42778544626364,51.80754879481629
37.817427490687706,-122.36637697614648,-56.017619090422
37.738505323951024,-122.40541843845507,193.38699809483168
37.73910276505598,-122.42606858546957,-25.29518820512715
37.76945029984773,-122.42192499041055,-115.3658026274748
37.751644994503046,-122.3976144364142,82.40326633662004
37.78296551104213,-122.39363606176612,-29.389704717867083
37.77585141824011,-122.38714512460396,-103.93499484725281
37.79320299135183,-122.40941632570461,3.84243035729381
37.76038577471135,-122.4360950763174,-12.983821861760712
37.7658172705579,-122.40329290311357,63.17511876749761
37.76516537788886,-122.40540705540282,96.99697998913247
37.77556548009765,-122.38736354977185,-126.14362465933182
37.79829264719154,-122.40907311031812,-37.75847698356497
37.7748615615342,-122.39602130487087,-34.864905666338124
37.76140053475143,-122.38393487801729,26.978525821032772
37.76150101394597,-122.42635769539902,71.38586673295426
37.7433882736392,-122.38766738579224,10.240481366007351
37.766071789744345,-122.39430824360815,-222.21372003563496
37.76493063849758,-122.4197867598316,3.927851706293529
37.754425566602826,-122.37428342448328,53.228036892658395
37.77067691504449,-122.38508187039729,-34.20674899495201
37.746986900715555,-122.38165448953407,-34.62098986810051
37.77870177783779,-122.40830569835843,175.915977108757
37.75640475166727,-122.38774531105618,186.91898473375548
37.7751980248594,-122.40292909149052,-19.035230825045097
37.75343043795456,-122.39322616508406,-54.613033444844575
37.7431568533669,-122.4235984903364,-187.28995285383064
37.763832752567446,-122.38928270111724,-31.52549882810842
37.782582696544225,-122.36383257023898,-18.78576849220263
37.791992216446054,-122.41886093896976,-84.18832876537992
37.77732570305232,-122.3913278638363,43.03055873983854
37.75679581528382,-122.38364961245016,-6.549611303821619
37.797766719467866,-122.38709400059369,32.63684427887218
37.767149348956266,-122.38261775363401,52.23084270230013
37.764102014316634,-122.39511422492689,-140.9238358027403
37.791971261066344,-122.36381047854837,-271.4145417895502
37.77611147177429,-122.43350206693164,-65.95085521957165
37.77425471134072,-122.39864446685684,-68.16119413846468
37.75293300607479,-122.41985079496563,-36.9053367366249
37.73035267133743,-122.42174299229617,-32.585660048598854
37.71982121020398,-122.40487452704494,-65.90272714173044
37.7401215244277,-122.40843166229071,-133.74688393511045
37.74689805448228,-122.40398494933525,27.122884296846543
37.75947590207857,-122.42620954819455,-53.3549441146742
37.784330414135184,-122.42909551161448,33.59538369880389
37.762157868187536,-122.4233740348146,-56.24163528140229
37.73262058161845,-122.3924375874884,-177.54486838067865
37.76302615332029,-122.38904824207485,-134.97921342829983
37.75108659557215,-122.3802967642805,172.55155038986695
37.758891508774255,-122.39067402402304,208.91744995313482
37.77406034175449,-122.39272375965244,-11.471619149637817
37.734465254007766,-122.39521072802407,-48.25686256573209
37.7441824752693,-122.3807667413201,12.952976436289612
37.765784043734826,-122.40077595466401,30.11428793036426
37.73560692025331,-122.38118434062702,96.85909931433592
37.80164640602853,-122.39997698582854,-267.7509879796906
37.78081369376769,-122.36254700555354,209.35234313376995
37.75416763581289,-122.39609103874695,59.855614875095284
37.75335498139198,-122.39046193116937,-51.861953033197125
37.735185717743256,-122.42175152491967,114.94662796605009
37.75705256495635,-122.41519848704272,1.781370644995827
37.77119547190417,-122.41713264016629,-171.03467277486465
37.75346739378188,-122.43984441517567,6.957061735098834
37.77751659967967,-122.44562596965743,-48.38339591018884
37.73134261406652,-122.40594680327234,-69.10316781958983
37.78260416033912,-122.41138965047904,-38.91272610021386
37.77892801482669,-122.3986702321922,40.776889439882865
37.780277696007765,-122.3917650637854,11.037622585617642
37.79781592207885,-122.3766320782017,30.825321208343365
37.744834808694925,-122.46112456353393,168.755444017778
37.763453976420934,-122.36477404305099,-80.12143212173281
37.763470786012455,-122.36597354189414,-129.62436810283367
37.74880040178128,-122.39426068486792,-112.99370291989335
37.79641675073437,-122.3994886780601,82.36520747945332
37.74450699792222,-122.39369081359291,-21.05285188820362
37.746176322130594,-122.4051694645595,-3.505899102929185
37.76089080267207,-122.40322986040351,-11.539618058281985
37.784966705763814,-122.3527791717715,-127.68372586871747
37.744113553778384,-122.39025282045941,-42.85729813061639
37.76103815864298,-122.41025066395689,108.47261900953416
37.728302693550496,-122.40603036746582,74.16942778627617
37.77724374483216,-122.39264081202481,-35.30087087812303
37.78586036672612,-122.40725212750168,-312.8242908967588
37.81556978571294,-122.37812304806748,-94.69532408442235
37.766473973032845,-122.4509773528085,-68.99255034209347
37.78877657683831,-122.42636086838802,84.35842301861358
37.774516754630405,-122.37100112910699,-28.617210591229814
37.7439034455936,-122.3859810069205,-35.6298870046524
37.76560099023185,-122.40315260018934,23.56502530754684
37.75900078835332,-122.39190117861541,-57.223477955907335
37.78617915564174,-122.39644218084402,53.256307327247484
37.711739729589915,-122.37320798502898,21.62115598401593
37.75449351547249,-122.40441368689096,-27.87752286606552
37.7450420222534,-122.40457212802974,193.93185224094148
37.74622292449864,-122.3589892274603,23.874970542914348
37.74317077839214,-122.40954549986581,-102.31501346103575
37.74339627391949,-122.40125591897663,-18.334237514788647
37.737488214956294,-122.39949001908822,-131.5131888304709
37.73943560655877,-122.42719095391708,-117.83853936970705
37.770415114152556,-122.4263810521687,-88.59948671887852
37.76452348924278,-122.42139022924161,120.54790648991778
37.76694965302441,-122.41232270081079,-56.36701123429124
37.73928993858765,-122.37816071849018,43.86736010760264
37.80887962415305,-122.40664263591671,-61.96897559652953
37.742968806931096,-122.38547884401943,80.47269642090059
37.75723045626999,-122.37733515176637,13.948550117318836
37.739097587312266,-122.40500686098873,147.60225236838883
37.77371863031606,-122.37664502246425,-71.51355994052868
37.74021361827236,-122.38422618698819,-35.18398626684894
37.794687156561054,-122.3956717018507,-69.56925541036449
37.762696062499536,-122.384704603474,42.500439478815736
37.78213245680302,-122.42615229676377,15.875618145767955
37.73809309561985,-122.37678543367878,-80.85920549510679
37.756304898315506,-122.36372511654339,94.2935328415704
37.765629473037926,-122.3435802621727,-43.26693742260886
37.74780056391932,-122.42365924169931,89.53675281833488
37.79285423844018,-122.37441272648309,97.09054369076934
37.75694882954573,-122.40832226167541,-92.97704937778487
37.731197333255786,-122.37087850585797,-10.169629792826465
37.77123389975287,-122.41676444910958,-119.35923248996065
37.77407210971063,-122.4041291788844,-99.66936271396337
37.75232060778826,-122.40720211328266,26.102219324470997
37.760695804226955,-122.43856473689155,3.9128962008369865
37.78747844554781,-122.39410328900708,85.96969003980233
37.733138681036394,-122.38718988217211,-110.22954244562817
37.72805248531463,-122.41961216888733,-133.28871418957107
37.76627191251618,-122.39945005156225,-39.365856659681924
37.718711110098866,-122.40978690763788,33.79068593404742
37.748808755380416,-122.3453419341408,33.90775630673999
37.78427677770538,-122.37159111503512,189.1384962469909
37.75881895175276,-122.38619522632055,12.802149265027495
37.754691379496904,-122.4088767972053,-18.77435206128788
37.75953926965509,-122.38304915790442,73.14977711812209
37.80679688118592,-122.41648482794889,81.08587976889442
37.75077019822035,-122.40411251226982,21.184656097042623
37.784760304850614,-122.37523783610031,54.2937311506079
37.75440588081377,-122.36343222468695,20.95481563663562
37.789493777456116,-122.43567363149337,3.6729430042116804
37.764888180152155,-122.38512585488748,132.47372593559658
37.79530731887664,-122.4059635653157,111.30683367921507
37.75062450433073,-122.39138592645283,-117.76549808518264
37.75223799298351,-122.37510718254121,-18.99321555373996
37.753144773048454,-122.43134959994423,99.21732295710824
37.73769032229086,-122.36570768755008,193.4019529956283
37.741653336689005,-122.43876725769276,-74.74931912679962
37.734671563079324,-122.3931285463641,56.22502273968735
37.777750070222126,-122.43153121402426,25.653772789680062
37.7727043313013,-122.39899050784446,-50.58898654389571
37.736744192501654,-122.38376822349558,-118.01614596616207
37.74772104675795,-122.40694474001339,110.46266347592235
37.77079511149522,-122.42322403953298,-24.207157231981526
37.72331186653051,-122.39362732473222,102.96734600215562
37.754011397849496,-122.41212446521898,-43.9238497372045
37.76589099371315,-122.41517041729647,-123.90613068194394
37.75516213930651,-122.4112154682552,-64.52093124698524
37.72007270168368,-122.3895556709614,-37.23985695708969
37.76728160818761,-122.38441845009125,-2.732504895534543
37.75631059758188,-122.34782023810499,-86.67244390170778
37.74609872311366,-122.3867471409185,129.47559718286357
37.73028565827956,-122.4055962242608,66.97645459196681
37.78248553032316,-122.37763022937015,88.79159989415902
37.77417064045112,-122.40276297191457,19.5753495992221
37.76544604457704,-122.39820817538718,-19.884239214463236
37.72890797028708,-122.38452850485821,127.20395713709334
37.76390636225159,-122.42435153258111,27.59205433555085
37.728630678669,-122.4044747821107,174.92319703623966
37.747827029695685,-122.40205385185477,-29.434390010967665
37.732915398826414,-122.35916505278244,119.12611169829223
37.75144678536055,-122.38404948033342,-8.098233304552602
37.78955502280017,-122.36991624002847,3.5915979486621676
37.76198677254888,-122.37835434887135,-48.7367896411919
37.723720325616874,-122.38549264746091,292.7199721594333
37.745269778965586,-122.41790576951719,-117.86691129755486
37.77325965777856,-122.43697720243826,109.02715088159331
37.76482954527497,-122.39693880292118,-100.70717492359374
37.77008898103306,-122.4386292344897,-5.597104641841482
37.78128784518493,-122.43260087928658,55.036172432340535
37.75764826432482,-122.41632690461657,-27.085176371943437
37.76157763815995,-122.41029275279955,-144.6240787964906
37.78194486463401,-122.38843244528766,-2.4422646642564576
37.76496801558747,-122.3982002813466,-92.63723793734803
37.75977405357469,-122.40433178347631,36.95653919618728
37.77448343836736,-122.43064930088835,-107.58725625820031
37.72274765924638,-122.42686491125158,-105.43339824860539
37.76069480029505,-122.410550881463,108.08296337078316
37.76358651390697,-122.41331987954668,-139.66061756579018
37.742259087003504,-122.39879118617182,228.95794630107082
37.759361481678496,-122.42648287852336,184.00338540644378
37.77636246550985,-122.41843672434028,-57.002337551022606
37.77398776845413,-122.43985103026003,-108.36747728686049
37.78542990139963,-122.39509651977662,74.17201446210198
37.78987650728191,-122.40793460481008,-21.45137747295431
37.78551038120829,-122.39744709988119,53.79715940141092
37.74543857721953,-122.37553860878457,38.43903473989398
37.75989279331853,-122.39993865864695,3.4725615438959174
37.74677754929691,-122.40449574490032,36.8099794458663
37.78591630306767,-122.40126763266936,34.15450372448782
37.78225085266072,-122.37061608168,109.20809904340614
37.76100050671163,-122.38908340877016,104.13075164875158
37.7882549154208,-122.41161546508103,9.397906976890882
37.78418413961602,-122.38124045370645,72.6861688796093
37.74777208177103,-122.3931543899345,-119.50059296404949
37.771967125414555,-122.36984790085974,42.251386131302596
37.74410323397005,-122.38650784102951,72.81823746141987
37.75948806988031,-122.40258015111539,-222.34708340783266
37.77135252770122,-122.38987427741644,128.588337393513
37.75099250854291,-122.39740282280772,-92.4432761624106
37.77793680247842,-122.36230947695621,164.25835446467377
37.74852497926156,-122.38135196551964,-81.19661754368417
37.7434640167262,-122.42001663163522,339.1635652422491
37.79181915571627,-122.39704212846092,-23.94975433872738
37.728565984529624,-122.38975357086049,-129.16408541594896
37.78010688787307,-122.43085548595273,-124.3497812122089
37.75780773434122,-122.44234830458625,11.826420059453447
37.7682121235117,-122.39915585456754,-105.40637066138021
37.73793480462883,-122.40649617454376,108.78865904616262
37.758179200519415,-122.40824372701704,109.36306383292111
37.73568505677661,-122.43135712470244,274.519089046448
37.77986757513903,-122.4159285604471,-245.34093979073086
37.766475479953165,-122.38578975682485,8.422252650401964
37.762269242673845,-122.39425341171493,-78.82358300505629
37.75699268365521,-122.38696073709725,-26.103111946915696
37.785564668748364,-122.3892882948913,-14.057470841734673
37.744894538967145,-122.41217198657729,-122.780438156657
37.73553173032352,-122.37711890004718,46.70206129046417
37.71959274875649,-122.38057530300934,-154.80242506456005
37.781956012997064,-122.37330402105212,-103.67825998097449
37.77478841333315,-122.39566523163099,11.004539518537959
37.784638914934085,-122.42557805189603,-162.5707043560224
37.77146821551823,-122.3759533303834,-66.32278814584694
37.76894480555315,-122.40991946840481,164.80107904094112
37.721016854102174,-122.43649914754236,-38.575041780481
37.795765048940225,-122.39251223369928,132.63442185799533
37.77468255745856,-122.39858057454768,-78.13788669726063
37.752766928314784,-122.39413726533878,-26.30614771951291
37.77355607644522,-122.36626636584664,223.47497898439718
37.748808266583055,-122.39739821004433,6.686861799888246
37.737237490465844,-122.40317935582027,160.1150359691261
37.78923135479996,-122.38019516901277,-22.155246583289063
37.79248496877821,-122.3979010532435,253.48921452658692
37.749719374876996,-122.38758202714232,66.28156657365419
37.75471869402482,-122.43504055548875,67.86739753508027
37.75977490353779,-122.43200032615887,176.99765187805602
37.752220421594444,-122.41960463317633,-176.7534643841979
37.77213737884763,-122.399149496282,284.2964167720207
37.70345048817042,-122.35734842199867,174.60889224314207
37.759829109729814,-122.41912644480705,16.22756220368206
37.769809089712055,-122.40807806549161,-122.40581811853643
37.7632339547676,-122.41371942427416,97.90400593387683
37.78157851589603,-122.42288137195423,-47.23766445317278
37.75876287277541,-122.34230489951418,-125.2195582015939
37.795443075155895,-122.42915474999111,10.689156814008683
37.76777532833511,-122.43306720497861,24.673598467392313
37.77928751971905,-122.36912556396186,40.16210499674584
37.78924758936619,-122.43262095356495,-41.17667015855231
37.762129606921974,-122.40735233040468,-48.5236449112897
37.74238886374946,-122.41185661189634,-9.519112741804063
37.76584667911822,-122.37238495347914,68.27812442788242
37.7791198437874,-122.41100320661313,-26.90612778650243
37.76637586607895,-122.41043863876693,67.09222676852796
37.78101698400816,-122.401650397911,-43.53961538992915
37.754090151537206,-122.40622212563561,89.48027545795313
37.739188628655015,-122.41470530160383,-194.90351034524383
37.758803932087964,-122.37657394849114,-109.1488289974747
37.779207799712786,-122.40044257647814,-32.09503367774996
37.80210715167396,-122.3879063685894,-29.632067684034507
37.78615816005211,-122.39572940440739,43.39114250026173
37.78502504743069,-122.39710322915542,-226.9740547236626
37.74647132011123,-122.38148372248416,122.01591172254518
37.76809458265251,-122.38760105358745,-184.1384423392161
37.743321327409994,-122.38322868022873,-36.61860952411444
37.79703797997677,-122.35609003527496,72.19944048850883
37.778665111910584,-122.37110467841823,-95.03106330055367
37.77537726019713,-122.40574491850205,65.8648902015997
37.799028140362715,-122.39577148715661,9.803500280860247
37.75365643501189,-122.42192042372237,104.23717933149106
37.75064206016957,-122.41639505685433,-49.735318151009835
37.73888168813182,-122.40430429033546,-57.44463775622825
37.80177402314045,-122.40308061333307,-135.446632522287
37.72390032693419,-122.43277222350456,203.38106882506395
37.76086005644441,-122.4504667104533,6.177968009341645
37.76797630381257,-122.3746878900823,59.12122203009581
37.76900024599267,-122.38174025427693,-70.75412449109393
37.75485126612336,-122.41217132022963,4.601114434607222
37.752172418055174,-122.41323480863005,123.6179343851135
37.74775705013573,-122.38785136847223,172.5744033683747
37.78194442172056,-122.43935992762066,75.06306342364284
37.75881300751281,-122.38546747932403,52.772106827317224
37.76658264998941,-122.39457078625217,64.17139099064097
37.72402232270978,-122.39610571499374,38.05473704390937
37.73983322272941,-122.3896086354435,-93.11766532736819
37.72777496620412,-122.38377702836094,94.38768984178031
37.76234882534946,-122.39360458795048,-85.93149482250352
37.7531919882151,-122.44190109863594,-171.88238445373474
37.75054631488776,-122.38847548370079,-141.66682317377644
37.751017573728426,-122.41686302588063,77.7975895618189
37.73876912398233,-122.4256925595795,114.53681135863579
37.75578515873803,-122.38192989181046,26.59092622813604
37.752364528200616,-122.40737237848326,-72.71529273179658
37.76599177604949,-122.38364774683664,13.072343731032307
37.74103534080297,-122.38620310424584,70.76217897008425
37.75520142834063,-122.37539852054022,-63.376622161519826
37.730339841565694,-122.33490337205892,81.03998899986428
37.788102706360256,-122.3802039569412,-72.7910313345286
37.77644014917478,-122.41506425608883,27.17936517595335
37.780363417580816,-122.41809008015876,52.272026214915755
37.77541168362136,-122.38901888057292,-89.61472940910532
37.73182667725185,-122.38258853207944,-14.445213557412565
37.76212473192555,-122.38534248735361,-71.44158349676333
37.753563823297355,-122.41653192660516,-146.8411063253397
37.75814952473832,-122.43020216190004,-187.97703652352754
37.73875939062916,-122.39331944767035,141.93206334599353
37.79330556775602,-122.38923776651491,20.78864858386511
37.760117038924406,-122.38701613199781,79.92144796294998
37.78910351500951,-122.40290093376476,3.206008290018853
37.73112298792708,-122.36470837999315,86.56871118146579
37.76438507165934,-122.4156663802083,120.2186651954677
37.76667183933804,-122.41041274453235,-121.6771856409991
37.73435868556344,-122.4078101407099,83.29434383872744
37.785773788035215,-122.37783021182526,18.053131491651854
37.767904983013686,-122.38939513422575,37.32955188893207
37.78330684919899,-122.41538430792424,-64.65490643007222
37.73892493899459,-122.37461483008035,-94.15496705034565
37.75985152595791,-122.38023754266575,127.34313376224125
37.735374010424685,-122.410559121665,-81.72774695819666
37.769476482314886,-122.42144002531556,-92.49973352013703
37.76546251897876,-122.43360790103691,19.964833195155876
37.77493087318817,-122.43175529218364,43.177708215506556
37.74753247954074,-122.36179516040627,-107.99594551421595
37.75438914630802,-122.39357336152126,147.85776420454624
37.79022102262424,-122.43292976127856,-0.9615617785241818
37.782513066511356,-122.40322688039113,-82.70172771731897
37.73638679516077,-122.39345780729572,-103.79046178283741
37.73300932255737,-122.38871645344945,21.361656646440718
37.766708558906465,-122.40580267650702,113.922868200973
37.75721725135926,-122.41257231770194,127.5046117451367
37.74250955131464,-122.37926394985644,-82.41134908873448
37.72577470536061,-122.37161691020634,-21.341415526940896
37.73162934241486,-122.39358885126197,178.74548125653394
37.763375277374585,-122.38313423508538,126.97911010602634
37.7994341558152,-122.4090441635316,-72.15440625658023
37.78305948646084,-122.37758652883235,-122.00564287927871
37.77364578284302,-122.38028707611006,70.94538107156137
37.75008652685707,-122.4022070769577,28.63227296384477
37.761156095649575,-122.39242309686259,-2.104705737574324
37.74563269517862,-122.38349163134635,38.63923273346182
37.77110287417224,-122.41923079218058,-30.42067911197438
37.76694681715826,-122.43495369301951,103.7524940749931
37.76930735268821,-122.39300152668713,68.31885905278413
37.72331774828933,-122.41703507617267,-86.4484385068478
37.805529022878986,-122.38554429008543,-31.9808671922491
37.76895486328248,-122.38041736792954,48.23707580857094
37.74731166361217,-122.38454693757575,-22.659835200925492
37.77189659217842,-122.38617265480602,-47.02896390945004
37.79137899294976,-122.44079774927492,-59.638398272799066
37.757488950610345,-122.42614674804815,96.28387380290245
37.77879769704204,-122.36616288466168,-35.46466975911387
37.75059986099737,-122.41733461798538,-134.67926665960198
37.75941821721006,-122.42068441205554,101.88090057992652
37.779484757306754,-122.40738530682789,-83.63088494413476
37.74362614955509,-122.38951630840332,-9.536575803000126
37.768381948997806,-122.40882093242546,-137.66548121102622
37.72756763006029,-122.35638803956155,56.565863074469625
37.75322067277208,-122.38804986699121,-44.72826782957522
37.77017841739915,-122.41273378995483,-67.63988844917382
37.79060788344912,-122.42962338358521,93.49190934951679
37.76619784864978,-122.40789493829443,-82.83550441105596
37.7447618466861,-122.39782795374745,59.68904321967252
37.767175524895286,-122.39792526953975,-55.4484082194016
37.73381752987893,-122.41142131937958,-19.594934783788855
37.776340586101114,-122.37507437535906,3.3216253291029285
37.74602969541567,-122.375856760741,41.48295101387799
37.75633198315451,-122.41308692887638,3.754865575519342
37.75780458469507,-122.3924430213146,-105.77302879993414
37.781368050659914,-122.37126147602766,-93.84614050863081
37.78734657568627,-122.38263190339657,-206.67753071261305
37.76004902226787,-122.38154447920324,47.51505088734244
37.73901820706913,-122.36150317333194,104.87740386833464
37.699847730564535,-122.42120090355631,130.03198435727995
37.7890295689665,-122.3895141998122,32.28363493760406
37.78502286876073,-122.35012022364157,25.295306112631327
37.75827874600912,-122.42865883849132,-115.15925454538431
37.77024080248213,-122.38814426113098,-121.90105858373721
37.77249698868357,-122.400106390433,-94.56254499543539
37.72998787393671,-122.37136033644887,-118.80462614188889
37.7978993394467,-122.41335924931454,268.74439905464135
37.744023254239494,-122.39769140322659,-30.45670926973435
37.76131976268953,-122.37585931414421,-70.14102360698188
37.75511308727816,-122.39770441232639,159.9693145344695
37.749789187937374,-122.41343121116712,33.7981384647733
37.75410638749342,-122.39933062178193,94.07749910827643
37.7779918779443,-122.3668052387537,117.43144608202863
37.74656017201378,-122.41834076409037,98.14896195178319
37.74070894897783,-122.41010631582088,-33.01384986940011
37.76958756029622,-122.39794465950922,77.17459307643499
37.75373357828601,-122.37683662759895,-23.28396266797064
37.73137037016276,-122.41047533418474,92.03398169280497
37.740110454045485,-122.4088077009441,-101.66191216480223
37.731091666791755,-122.43299255898953,4.623316678638114
37.76134398630508,-122.38465391190091,1.5261753094580228
37.749509129949566,-122.37650385036078,-0.7005281011766258
37.7535037183336,-122.42967651574874,-66.47570589707014
37.75827452950285,-122.43317265852349,54.29480130094147
37.73426244043026,-122.4127991132376,-59.062643514056035
37.755860062590024,-122.41090292655603,-3.089123838837829
37.74316317624749,-122.3942187402071,108.8492250629542
37.74380245975556,-122.4068986503446,-0.4021764405507188
37.75950840476287,-122.38867603928196,-115.33928678186223
37.764577700975394,-122.40449418498322,-10.63377864486629
37.76977752241155,-122.4074086785468,-109.02687417669847
37.740902445288704,-122.39047590127748,-3.7152024723881247
37.78426893237921,-122.4110119355889,-181.8839411073194
37.79259403512172,-122.4072444514953,-79.05772085642815
37.78108159717471,-122.3834111177228,15.969946260711962
37.688449863170625,-122.42037609599667,112.26238935067158
37.74981415131419,-122.42642250128613,-68.13367611979886
37.79030454074771,-122.41047627299385,-17.515306222894285
37.78687856997667,-122.39856028378136,-9.79226344107316
37.73387154890095,-122.38837756966956,-88.10764056941055
37.770479146178864,-122.3728961685163,116.4834699085652
37.77274275424505,-122.38195453400064,134.13947041070102
37.74836857606688,-122.38330359004009,112.84626320873603
37.789411406020534,-122.3647973553063,51.282635199555095
37.76552303095645,-122.4240711344598,1.8741816399157163
37.714729691025646,-122.40322056970041,-206.66256616680369
37.77623999361829,-122.41397148240486,108.53357350341335
37.764165414130446,-122.41610164837076,101.45881362874762
37.753426564263485,-122.36767929807833,64.55498040513697
37.75445606977475,-122.40527062109004,32.09685581989882
37.80423756341494,-122.42446150873171,56.873198983158616
37.71652928217781,-122.39911459414976,106.41225246717228
37.76249870871446,-122.3710843159417,142.71905549701987
37.78807494859314,-122.40566377251899,-139.05672494470306
37.731001261969496,-122.4110444113709,-98.91104909790798
37.76600667586529,-122.36354850138808,0.20802424347064688
37.74939178910425,-122.38948706070933,231.30781945905193
37.72485231907519,-122.40018493184657,60.45076162891257
37.74628670932319,-122.42297998573869,-89.78734261510046
37.74817098559643,-122.38573213152937,-35.2369552687904
37.775276037265336,-122.38574810772965,-97.41426359870862
37.75464801588338,-122.39114328215167,31.25937788608537
37.73803954577074,-122.40498965123027,-13.614707632193939
37.751821263140975,-122.41642956945272,75.58745299471082
37.78244274583316,-122.4066973192692,-60.38464184368713
37.738230097771556,-122.36447161651886,221.38008930596595
37.74736163573655,-122.39290714311922,26.766729016179113
37.734900811101355,-122.3705987362388,48.94275357088178
37.774340875235175,-122.37891486282027,-16.46461077110633
37.76009014379557,-122.35690183953442,25.1443037872501
37.74728707352759,-122.43421862787383,-141.5152754505761
37.80682110163261,-122.40896562416019,-14.147955779939245
37.7774123085831,-122.44253755902756,38.380635896664494
37.771581730256706,-122.35867649276362,-88.08335397271408
37.74241457640031,-122.39679714340555,199.05423516661654
37.73745786445755,-122.42089898910191,-35.12460758176122
37.722035890752046,-122.42031259312387,-157.25286614668423
37.74710581156456,-122.386532724107,76.33091192253296
37.72978447250907,-122.38141967929455,0.0013140991649492246
37.72431828846538,-122.4208248878486,167.6139844814913
37.74813051462177,-122.39370199443613,-210.59547125246135
37.77394007538198,-122.38426309456567,-34.04865733511209
37.77626047445771,-122.38354476110273,-56.326960271192505
37.792150748895615,-122.39694756478828,-152.03379937723312
37.757900298885914,-122.40284358665485,-52.80867120790581
37.755478943218606,-122.38717414196469,-72.96812782970996
37.74359292604995,-122.3733560456397,68.7637952975959
37.75485855890859,-122.37419475212629,145.81366829098783
37.69912107418576,-122.39993687405543,-115.83835624815815
37.743365071227835,-122.42925058250444,64.05873640238067
37.7595573421831,-122.39438224574864,-106.95174603362263
37.74532242964693,-122.38869455293272,-13.913108390504583
37.73608975069654,-122.3778938287741,71.01903022474522
37.80455125129967,-122.42421891327425,-135.72121961652337
37.74769541381465,-122.40668977480443,14.330146706492188
37.78154121463295,-122.38096841719077,64.98459494821357
37.742689876958025,-122.419424593799,-23.960322819405388
37.78899523817889,-122.40979579708163,49.49466855718358
37.75583930241618,-122.38969227146838,-5.834422344712291
37.760931751436864,-122.41193944151216,135.97508456451567
37.747483556436805,-122.40417265829525,-116.036248687841
37.78229242710969,-122.37811071234452,97.05311393025357
37.750894515393846,-122.3966426078269,210.88654878569685
37.74875108669432,-122.36617958178222,-178.41472449578225
37.77683571527212,-122.43377178800836,-159.25490181632534
37.74971470949327,-122.38378495274247,47.65196578417864
37.75573962385834,-122.40297545546649,71.40438264325113
37.765697803591685,-122.38351787995214,-29.69127927453848
37.75184219446245,-122.3493985843326,-100.047024392201
37.78908785425565,-122.42223935064305,-144.87511219453165
37.77881266182471,-122.40111433252423,202.03588166127227
37.750265945235135,-122.4196607198474,-48.333101542160826
37.76153407209032,-122.40043716816716,-233.72316417728575
37.75467491325783,-122.37415067018902,-58.863053089791826
37.79168309117973,-122.43152106619542,169.9578835045262
37.759256342487184,-122.39419251339673,0.8349151041185866
37.75214415123683,-122.40072070159826,-105.6811297178455
37.7716726678488,-122.3976687514362,-16.81757016271348
37.77593267336379,-122.38951004924675,77.8242838303936
37.730185920845486,-122.40290526567696,65.813473667763
37.74594221672132,-122.414290964385,1.5144777160415173
37.74499006101305,-122.3804986429683,-165.57891422360848
37.74504257290228,-122.391625970653,80.3442621515362
37.7417434128609,-122.40329439988349,-106.29384617419622
37.78242856315607,-122.39834462275668,79.85153966357127
37.74129829007528,-122.34397712406782,218.45127447685022
37.75066160018355,-122.37618709699338,53.4785166353966
37.80783752034163,-122.3892037675255,168.42221772012735
37.75571546751812,-122.41202879762399,-65.36903154784497
37.79710595656293,-122.39192142483809,90.90066025708168
37.741072087422395,-122.39454474331126,-67.56686940256522
37.769658380665355,-122.37371415177051,191.71681272792532
37.7851641779268,-122.4119738215599,-6.574646812133701
37.76865662318809,-122.39248986793169,138.01714532549556
37.782584604239624,-122.39229896547086,-55.4151906607709
37.76761079489809,-122.38951863670663,23.586591332454308
37.785970288948455,-122.396981331813,-18.832837775386537
37.77369251525443,-122.40596484679234,106.01769091555488
37.793703874519075,-122.41938077802499,-25.88506543153623
37.79430791037349,-122.39703583407187,41.96306451171245
37.77653333389468,-122.41158834078315,-120.01607371537169
37.766533940794154,-122.37788293744639,58.03898434880046
37.7419303643592,-122.4133199413157,-141.60250436590357
37.720209419287414,-122.38950287232574,173.42478761768615
37.75687640962593,-122.38691089765658,-111.05753455311631
37.77583382714803,-122.40203200147835,7.196983619407897
37.784626371591166,-122.36596131760727,-0.9605464732922502
37.75826682633599,-122.39732867480959,-62.00602466746024
37.77733587258526,-122.40703268622393,16.900121329282577
37.740157421624616,-122.3857036135898,124.34684751165153
37.76519822325207,-122.37537001098097,144.27556734239468
37.749936025181356,-122.41851653477201,-10.93287386145818
37.76469193625385,-122.39927309572836,19.234219151127014
37.78213927330498,-122.42340686053886,183.0895037520105
37.74628217867125,-122.36597572555111,-69.6042001024941
37.77301862612661,-122.39472799953481,15.502036072476086
37.77702632239527,-122.34919173387961,106.92973569047739
37.70933065942366,-122.40060898745215,20.988536372972465
37.758437630890874,-122.39022012688704,-33.2413353469274
37.773062885546906,-122.38524724780083,-127.30193772362448
37.76440441671559,-122.4076624190473,60.15978932515779
37.783848605502946,-122.36488915634722,67.1219152032945
37.75988684297756,-122.39545291072947,28.057795775282173
37.77985035216013,-122.41698197329664,-59.345116215359695
37.76935422111486,-122.40365517394318,91.38394140175434
37.76894126347002,-122.41597959137073,3.8455225584159725
37.74589049879003,-122.41675832857321,-2.584878824654233
37.75205390787973,-122.44138841094197,-88.79203204597694
37.75134872845379,-122.41063291314141,108.67120758189361
37.746279973858805,-122.40492731316964,-25.584568241934225
37.78000346728386,-122.42726336898032,134.00003344486845
37.74103917591192,-122.41410317106869,86.16962613619492
37.74242012513683,-122.43227707902389,90.9172328142044
37.77330732823569,-122.37360316442921,37.650184082613016
37.74631335460463,-122.39259530840036,-5.447740126761639
37.7772667962985,-122.39849228294227,-115.9138974108604
37.74836588440224,-122.40026548073396,-19.42774915274159
37.747775891020034,-122.41990040777789,97.26711053676351
37.7768962124561,-122.38644971795117,-97.1410401280559
37.772298204518464,-122.43038547539425,134.34149465232204
37.72548258551712,-122.42386394074676,-113.38415911859305
37.75438523435602,-122.37903908499754,-78.91272664862221
37.756583821079595,-122.37894698049838,-198.06179367336384
37.791154210583514,-122.40502313533833,142.80046869806296
37.7347080309224,-122.4054166399136,-34.43213480542957
37.77952160847498,-122.41800119867663,120.54544518243297
37.77103386222912,-122.42146172116075,96.68977361299757
37.74806600033717,-122.41666483483843,-40.83234814106305
37.75229150873669,-122.38637151668064,-129.18647060270052
37.75652076821719,-122.42202444294321,-63.99744288534711
37.75958481724985,-122.41032348836181,-134.2603868670223
37.734767334378176,-122.43988805044364,-54.41907930240282
37.75198965728241,-122.38905214674745,-5.430232497524655
37.7664433475752,-122.39567596476448,11.157664389169861
37.754261165749554,-122.38776274866721,-49.730626220592825
37.78059106736243,-122.36605859984161,5.336911242840305
37.762589966681304,-122.38141983816352,-101.89345723559946
37.77389485420059,-122.4132609488695,4.900810971937456
37.78432281783228,-122.36075632414375,206.32190693201
37.77810668530282,-122.38616775119304,93.24282310040333
37.789357713916644,-122.41028649024314,145.23896480619936
37.77805878247083,-122.37306842655856,57.29588962054083
37.7719418434307,-122.40202854036869,-41.89784883287119
37.77588973560505,-122.36780386858264,-32.86801720966434
37.769596321274626,-122.40813048234818,-115.14206386737203
37.770396517894035,-122.39508727831291,-88.07796495499828
37.785625722962116,-122.42128802241456,29.384006015002722
37.73703821897194,-122.41364878261646,76.55924702223307
37.75823627296804,-122.38124723869664,213.66089240405378
37.755046099613814,-122.40994490006675,7.337864531595431
37.7694342574835,-122.42790831387032,-162.95682918504377
37.74754902699181,-122.41586356993734,17.756929156361746
37.76501089491765,-122.39227221696767,85.21859775952576
37.746599492685164,-122.41015528568627,48.96482077991172
37.788841146512304,-122.39766068287744,56.74388820016233
37.72607387482371,-122.44528738873436,23.757584104755296
37.74477651955319,-122.37403633630905,8.136881007463305
37.77323538823404,-122.40144509254952,-60.42775550395882
37.75982646970796,-122.37256287365614,-54.4058970908951
37.770516268723036,-122.41902352195699,-123.09296047336117
37.756756349558,-122.37673090432241,-149.50492255513163
37.74616267770551,-122.44815892021127,141.14690627406588
37.77556799360885,-122.40562240408175,48.80595171129676
37.76056213778762,-122.42949511757965,-190.63181613961447
37.756716437430406,-122.41592065728751,32.818454882159884
37.70966649662089,-122.36637329165147,-39.745497633285105
37.731873901319545,-122.39683995885693,26.18822106694815
37.7501510490356,-122.39018782213661,79.12273628181981
37.746080439476586,-122.41311593681675,-178.42062574561083
37.77834513745344,-122.39617189937091,149.89305350672035
37.74859882587599,-122.38360771709277,-23.912719760810266
37.720329178491724,-122.41115147202039,305.2889838759873
37.791583080155554,-122.4032558902741,34.99550177605483
37.75014975404675,-122.39480597118073,-143.47680024972573
37.759083099360964,-122.40975799597715,100.79483142470917
37.719254848219784,-122.43072866177812,42.06511897952715
37.74182423181164,-122.38215846857418,60.00564456896714
37.74673290319513,-122.39694721620218,12.015545213346854
37.74458815817033,-122.39467465095173,-58.460729842997104
37.75340124043691,-122.43769569226748,35.14090916554009
37.73877634574446,-122.39279243505581,-85.88540972707554
37.75651416468543,-122.42131623792261,-107.08264559305974
37.78051935305909,-122.3350876197036,196.90668884323117
37.783658418283245,-122.3949083691995,-0.6191237227501849
37.741177438324385,-122.40148097558279,-79.015872215938
37.739907352976196,-122.37882461443776,95.85414987353064
37.74409098927724,-122.39081091332531,196.39558247827344
37.750666625411405,-122.42428849236832,-42.90848655294828
37.75704649273712,-122.38295603813006,54.45072554396735
37.805751607116726,-122.39615826584145,121.6726295022823
37.75584063662551,-122.4139332274067,149.84652585533814
37.754247615872444,-122.38128669112778,-34.407004245166306
37.78402529667312,-122.37175314042265,38.50102112517612
37.77383765843674,-122.36193456582137,112.16851062938602
37.76172524263659,-122.42315150019253,62.68049084047763
37.74556265544624,-122.37552017565453,-235.10096724253575
37.75811820261953,-122.42704601984353,-135.39459435463402
37.797402339018255,-122.37264813455303,-4.250438464429421
37.758161905793585,-122.39994243200682,104.18293824215081
37.76890272943815,-122.40232943273344,-28.061757127638675
37.771570380912316,-122.39872745103631,44.25379783045842
37.780788561660636,-122.40252792916596,-134.77407302049264
37.768680169865696,-122.38699243693016,-94.27426708053153
37.772492910890264,-122.39186009982792,-1.015252894803379
37.7251137633706,-122.37912698122636,95.52149912871182
37.76141486035146,-122.42948612642371,28.44652616245546
37.75516422757762,-122.3972280090294,-2.533807506799079
37.77352316555434,-122.39642194536471,44.72802159180742
37.76438696242351,-122.3997752564081,-104.2078146705825
37.761304734351164,-122.39507870574418,182.55304558747042
37.76456277920539,-122.42202348867036,-18.582085687450597
37.75682002816235,-122.41060188699282,-99.19012298052621
37.75967681241284,-122.43223038359008,47.74014173638636
37.73703765164183,-122.4381237519699,-10.65087094575825
37.74294471939739,-122.4513098454841,52.375573478653315
37.72002556439049,-122.3990067139321,10.12536604384912
37.71567655386168,-122.37968585503869,43.7044310757873
37.73610598734021,-122.40464138436074,42.35878451727045
37.79729158640802,-122.40507416368614,61.20776518040918
37.74960821133267,-122.43967214881117,66.9170321520501
37.74530195360226,-122.42424540963802,100.26834257915245
37.76208638657533,-122.41700067896203,-31.160496057001374
37.744139236280844,-122.39666719488771,-2.13360681376305
37.748778553213,-122.41116117633375,182.5502783098931
37.77911979600035,-122.41411646341085,-44.554589887722415
37.75744191706217,-122.41269599101724,-4.592218175297305
37.759894605417664,-122.3959052739104,-70.12569635661005
37.75541574933894,-122.39543082629993,-18.52261530765709
37.74206816444354,-122.42259906345514,55.368519273841834
37.76336359411899,-122.3856527499196,214.49238660522045
37.7482036562404,-122.37765798573862,-18.961248243348265
37.75372764994198,-122.37845514768769,-33.05495632318532
37.76706558480931,-122.3996451324565,-105.2379617864808
37.74253099123838,-122.42590969401589,53.92750462402742
37.73340070887555,-122.41059901415136,78.31043072532181
37.74593301574588,-122.41149856224293,37.305787252717025
37.71699365540681,-122.38806722200971,-13.668921908656284
37.73456575770132,-122.34556055968962,-107.65298058933534
37.73822356267711,-122.38630155083376,-44.04587199851196
37.73270367515517,-122.38304081861166,99.15053997759775
37.75701783395253,-122.35987488597603,-5.620794008869452
37.770895945047535,-122.40172525104192,-254.73209047238998
37.724351122528795,-122.3810956764838,115.98277864823277
37.77256402051238,-122.38390953073292,-76.49890146766421
37.76318739908355,-122.40677603150186,120.11523933857042
37.7094756824699,-122.40485969253888,-6.0650993772978925
37.74536471120285,-122.38753310205608,-0.6328133306940171
37.77335418938332,-122.37570340579548,-74.50198387764613
37.755290966457984,-122.39687420486302,65.01030493269575
37.74487165039128,-122.40731229657091,24.709158661228056
37.75976540988779,-122.39779090209407,35.07081548785328
37.78700131609335,-122.38013561104317,-88.6254953380942
37.77202463586177,-122.38863114347788,-64.00193600135039
37.773442569116376,-122.41887564076832,88.2678190357007
37.76996065117262,-122.37815103227182,116.92307359627966
37.745993954903874,-122.43197982364055,175.53560090048254
37.77151205552947,-122.44080612885999,-106.07961207329141
37.749746126811075,-122.3821044557622,61.63919952593652
37.75885660178881,-122.39329063899102,25.05285767031655
37.74515368981145,-122.41766463838424,128.90933757057206
37.742037532851356,-122.41958793976,-50.36508715860565
37.76854592213339,-122.36634686608653,-54.45509759211507
37.75948426369261,-122.42020708698095,138.42187047182682
37.77760153743815,-122.42589741595471,36.680374290564856
37.74273173399465,-122.39879391909582,24.008221458874086
37.769172812972755,-122.40753622944767,46.61004535363855
37.73094858228295,-122.38787586717915,41.37141565891426
37.78005457920589,-122.3732054131061,-125.96692365122324
37.755272548744,-122.39098632871979,-86.30128948674863
37.77435043755849,-122.3913467558707,-25.96816857480918
37.74294033997931,-122.40906668962731,-131.17531762545664
37.75013488347437,-122.40794385339207,250.76625945345916
37.76290418632465,-122.41319020706139,82.16830488134511
37.76692931344833,-122.44991202702413,-83.08066337717096
37.74896398266745,-122.36499157971139,-24.025744388101803
37.7904312840518,-122.37297219971201,-39.23582702771261
37.75300211539494,-122.41216003416714,27.55875959579009
37.74344832087911,-122.42049809203482,-87.3424478974162
37.724976793296776,-122.40397613342381,7.436289297672668
37.74908547624623,-122.35721341833782,15.463109382706932
37.77764580745344,-122.43651289711858,-2.0890442587029536
37.76140775990033,-122.37420241649852,143.79118138861543
37.74007268097887,-122.41941434496104,122.19953688338263
37.785608724241634,-122.41261439303065,26.026601465383987
37.81395398570281,-122.40658586219257,109.76809209192604
37.76806647643662,-122.42670897689416,-7.906018168662758
37.77607638409737,-122.39376347924207,140.6040346003855
37.7856041140342,-122.37475162174198,-170.74382354942605
37.75482328287656,-122.4070504286258,19.892799076364128
37.736699202300564,-122.39898643766809,73.20793826360071
37.78341578509424,-122.3685198001122,104.5559492618666
37.7499057828344,-122.38166850684003,89.85303838674704
37.7381269773087,-122.40668507918019,57.94932592386974
37.77093947553679,-122.40524305986436,74.82882330538229
37.7605272641595,-122.42465911026659,101.81425331564584
37.781519530949296,-122.43090688605498,-219.34535933185137
37.739610800455004,-122.35600826638019,-11.950937360379884
37.75253094260218,-122.38796107440486,-55.27553108620988
37.72127176781013,-122.40797562121006,92.71039775488752
37.760449301416664,-122.3885842414054,3.8205679210784402
37.78092502364992,-122.40841977914639,130.07956636167378
37.76969551300271,-122.40009628401772,20.556860363398147
37.76380268177613,-122.40066564297415,174.23490567941496
37.78440127456795,-122.43152395557617,-7.857545452389411
37.7487833523072,-122.44247281905477,-0.4981533230549155
37.76104039137865,-122.39174362195266,-1.634161855952531
37.76108120018131,-122.42385089292212,-49.62151714256987
37.733733118734676,-122.39190665559292,10.031253077864411
37.767208027756105,-122.4078453802578,-87.50685453385275
37.803807117838936,-122.38174027665566,136.5773559884881
37.78539260502209,-122.42408565903955,-31.43217584170953
37.72509986845324,-122.45054192331592,14.869333914441645
37.789224926219106,-122.37707044433755,-61.11947381246456
37.78255425774022,-122.42081820433532,114.90167025575447
37.74077009180205,-122.40458913101216,-53.25988911932092
37.76318230466126,-122.40312819169004,7.783539775997481
37.7398774058475,-122.39580373768457,-82.0137478766924
37.753120882292706,-122.39115223399183,91.85136294222791
37.77171069630436,-122.38658357248833,32.81737700037798
37.730996524523036,-122.3999760586194,-202.9764723160202
37.79091775420863,-122.37232940528777,111.89615798495971
37.747431449688605,-122.44229375582701,103.6302062935624
37.79724643404796,-122.3916099463513,-28.977448583475518
37.75586302706134,-122.41194971872338,31.203756139252935
37.760708270963214,-122.4155788685346,74.30668448541901
37.76679136851128,-122.42367139820921,-13.518199790095617
37.765285546862906,-122.40896245588516,27.56820462457499
37.74535791507921,-122.4118523541395,28.337862345061517
37.74857272868265,-122.41120352945221,14.084639548261164
37.78178251920968,-122.40581217979133,-79.21109671272984
37.7671911060781,-122.40148051748064,165.92693540735988
37.73607815347961,-122.40960093606284,89.12046806010288
37.75299155411008,-122.42105497456218,-23.302781033625656
37.76999914665039,-122.41560152799714,-73.10743378755053
37.749803273867876,-122.39399942373514,-63.754014655607826
37.74311358398997,-122.40658174537465,78.88816200542202
37.753615413024086,-122.381774938166,-56.37577121361217
37.751340002722486,-122.39722114760887,158.78105423169742
37.73179496604505,-122.37766847118218,56.54777623538415
37.755228545890105,-122.36986371127442,-79.890028029131
37.78358025537879,-122.38934800858517,65.26470901899027
37.76495024963968,-122.39145119967826,-50.24884646050561
37.73986720537286,-122.37710105131598,-146.05481555875178
37.778136676910925,-122.38565250801139,67.15288266559905
37.74915369973973,-122.3753262183462,100.51063390573309
37.753668665540914,-122.38766240115342,-227.96262527253361
37.79393766019484,-122.41021015739123,-4.214584769790931
37.73776005121176,-122.40976799994134,55.15695018321226
37.76843291027186,-122.39477982830223,-162.18702066237728
37.74382500785306,-122.42778079149305,129.87296482000565
37.762441011827725,-122.40419530590029,17.986636929019596
37.76362255300673,-122.39628760510982,-52.12946575059749
37.765693422841416,-122.41721084535506,54.974879899304504
37.74036952390647,-122.40654620549037,-98.1727452747841
37.76162128691863,-122.39403445682963,-76.34006216556813
37.786145789925264,-122.40057769632013,-42.52837363892825
37.729892160472104,-122.41817285002908,-160.81527429451702
37.77764919544038,-122.39286545396389,-57.4919357026994
37.741150334108006,-122.41171392128521,-8.458243282089393
37.7709457103686,-122.38476010064201,31.799599848681954
37.76373279452155,-122.42398705925524,-81.1706037237248
37.75243428756712,-122.40874872206713,-126.07413283838251
37.74702143998787,-122.40174327463045,-174.1938358392951
37.7560798950222,-122.41674062810581,-84.77881301772511
37.744351458656666,-122.3943627894758,-77.36323009553404
37.78302967003489,-122.37370882916849,8.813784907462619
37.77894113465805,-122.42304590228498,206.52374019631588
37.77372583761452,-122.4032491498771,-67.72290981136348
37.76979698279884,-122.35106630006898,-25.556561190804704
37.75551881282194,-122.40426307818387,-14.566589714314738
37.749834107067386,-122.40728638061553,121.35969465608628
37.79049275245436,-122.37753680545008,63.331029560492034
37.74558983188662,-122.42993531914104,62.50419975033811
37.74549520187359,-122.42739297999445,-57.74395833959745
37.73586331932723,-122.34818781897418,28.79560505998636
37.77312424864579,-122.41700585642725,83.52848373857918
37.777451485390856,-122.40030870491488,43.50744901701428
37.73299093623122,-122.39858273581764,-34.848901600682844
37.765311738554175,-122.40178478542894,7.9589823674977564
37.73691345616346,-122.3802307289305,84.74707531520369
37.75284620003245,-122.4290056795243,-11.57193190207045
37.752736143094815,-122.36022291306216,46.332756650983455
37.76128888665548,-122.39909689991133,-34.155142182755064
37.78192082008656,-122.39594827357323,-69.89926063698096
37.735028910916206,-122.4060085917653,61.22351745221789
37.73229708058462,-122.40172992161277,-83.88198997701427
37.76928985630883,-122.39503393272696,-72.92807718071698
37.790237866483864,-122.40375906884385,-106.47550850984769
37.72634466340189,-122.4063551246457,49.56947291725902
37.75792451677035,-122.41145700517183,13.551706139496963
37.70354452878593,-122.42609754991693,120.68425396663416
37.75092360975429,-122.41135392164897,24.327463451145906
37.79790365419934,-122.3815562474658,-28.175098366880587
37.76589429619306,-122.3727959388722,22.91960090733855
37.75118565048481,-122.39489979489309,-202.35093669362266
37.7468943919567,-122.38978384894094,122.10216202286921
37.77767240912486,-122.38776310577899,114.53696005961773
37.74570867454006,-122.42508108008353,-130.78383677260373
37.765347567822126,-122.38437679636336,57.84826665843812
37.73989214165866,-122.39732431694782,-11.668324987079979
37.76043734165436,-122.41045419628126,45.18258935648397
37.73240740677226,-122.38799794541856,112.40379043625327
37.76701506801348,-122.41034358988361,-181.23457121633447
37.7551148580342,-122.40888812306142,66.62941100701137
37.738616764783494,-122.41811103427419,-96.11188288217048
